{"cameraMode":{"drawMode":0,"name":"Shaded","section":"Shading Mode"},"sceneLighting":true,"audioPlay":false,"sceneViewState":{"m_AlwaysRefresh":false,"showFog":true,"showSkybox":true,"showFlares":true,"showImageEffects":true,"showParticleSystems":true,"showVisualEffectGraphs":true,"m_FxEnabled":true},"in2DMode":false,"pivot":{"x":135.94476318359376,"y":102.50656127929688,"z":-53.12809753417969},"rotation":{"x":-0.14335735142230988,"y":0.3034403920173645,"z":0.046150486916303638,"w":0.9407848715782166},"size":138.03475952148438,"orthographic":false}