{"cameraMode":{"drawMode":0,"name":"Shaded","section":"Shading Mode"},"sceneLighting":true,"audioPlay":false,"sceneViewState":{"m_AlwaysRefresh":false,"showFog":true,"showSkybox":true,"showFlares":true,"showImageEffects":true,"showParticleSystems":true,"showVisualEffectGraphs":true,"m_FxEnabled":true},"in2DMode":false,"pivot":{"x":2.07881498336792,"y":-13.356271743774414,"z":24.450130462646486},"rotation":{"x":0.34268486499786379,"y":0.005649777129292488,"z":-0.002000684617087245,"w":0.9393436908721924},"size":14.312718391418457,"orthographic":false}