{"cameraMode":{"drawMode":0,"name":"Shaded","section":"Shading Mode"},"sceneLighting":true,"audioPlay":false,"sceneViewState":{"m_AlwaysRefresh":false,"showFog":true,"showSkybox":true,"showFlares":true,"showImageEffects":true,"showParticleSystems":true,"showVisualEffectGraphs":true,"m_FxEnabled":true},"in2DMode":false,"pivot":{"x":50.802711486816409,"y":94.84061431884766,"z":1.1646000146865845},"rotation":{"x":-0.13064518570899964,"y":0.09945704787969589,"z":0.013091611675918103,"w":0.9862565994262695},"size":138.03475952148438,"orthographic":false}