{"cameraMode":{"drawMode":0,"name":"Shaded","section":"Shading Mode"},"sceneLighting":false,"audioPlay":false,"sceneViewState":{"m_AlwaysRefresh":false,"showFog":true,"showSkybox":false,"showFlares":true,"showImageEffects":true,"showParticleSystems":true,"showVisualEffectGraphs":true,"m_FxEnabled":true},"in2DMode":false,"pivot":{"x":0.057644542306661609,"y":5.993355751037598,"z":-1.0407484769821168},"rotation":{"x":0.17028778791427613,"y":-0.04549688845872879,"z":0.007874852046370507,"w":0.9842975735664368},"size":0.8660253882408142,"orthographic":false}